,Blogger ID,Date,关注,浏览,点赞,评论
0,B10,2024-07-11,31,897,691,174
1,B10,2024-07-12,59,2029,1559,386
2,B10,2024-07-13,86,2271,1698,491
3,B10,2024-07-14,71,2156,1662,436
4,B10,2024-07-15,79,2084,1593,434
5,B10,2024-07-16,69,2003,1506,432
6,B10,2024-07-17,41,1355,1015,276
7,B10,2024-07-20,16,372,278,75
8,B12,2024-07-11,117,2045,958,375
9,B12,2024-07-12,222,3355,1656,613
10,B12,2024-07-13,194,3699,1777,704
11,B12,2024-07-14,207,3333,1665,594
12,B12,2024-07-15,204,3763,1756,632
13,B12,2024-07-16,205,3544,1778,544
14,B12,2024-07-17,210,3355,1735,599
15,B12,2024-07-18,263,3759,1862,749
16,B12,2024-07-19,230,3572,1723,667
17,B12,2024-07-20,224,3826,1928,633
18,B13,2024-07-11,146,2553,1522,433
19,B13,2024-07-12,270,4509,2503,922
20,B13,2024-07-13,274,4865,2791,933
21,B13,2024-07-14,255,4729,2772,856
22,B13,2024-07-15,319,4953,2842,961
23,B13,2024-07-16,287,4848,2787,870
24,B13,2024-07-17,298,4800,2791,868
25,B13,2024-07-18,338,5038,2984,981
26,B13,2024-07-19,237,4856,2864,810
27,B13,2024-07-20,267,5015,2893,919
28,B15,2024-07-11,167,4398,2354,850
29,B15,2024-07-12,283,7419,4002,1503
30,B15,2024-07-13,295,8081,4317,1738
31,B15,2024-07-14,375,7958,3945,1866
32,B15,2024-07-15,351,8309,4260,1927
33,B15,2024-07-16,370,8464,4329,2017
34,B15,2024-07-17,416,8719,4444,2037
35,B15,2024-07-18,393,8148,4174,2092
36,B15,2024-07-19,274,7636,3913,1686
37,B15,2024-07-20,382,8249,4054,2058
38,B16,2024-07-11,70,940,568,222
39,B16,2024-07-12,114,1693,1073,291
40,B16,2024-07-13,127,1858,1182,382
41,B16,2024-07-14,119,1785,1113,351
42,B16,2024-07-15,125,1797,1120,324
43,B16,2024-07-16,131,1716,1052,304
44,B16,2024-07-17,113,1740,1072,310
45,B16,2024-07-18,147,1723,1054,345
46,B16,2024-07-19,121,1669,1080,286
47,B16,2024-07-20,107,1718,1102,292
48,B17,2024-07-11,49,1352,1009,292
49,B17,2024-07-12,86,2372,1733,564
50,B17,2024-07-13,128,2593,1736,757
51,B17,2024-07-14,116,2444,1765,608
52,B17,2024-07-15,86,2593,1812,686
53,B17,2024-07-16,97,2536,1828,630
54,B17,2024-07-17,98,2334,1673,589
55,B17,2024-07-18,99,1970,1490,355
56,B17,2024-07-19,98,2033,1650,290
57,B17,2024-07-20,142,2223,1592,501
58,B18,2024-07-11,71,1234,753,252
59,B18,2024-07-12,164,4492,2592,645
60,B18,2024-07-13,165,4892,2798,704
61,B18,2024-07-14,166,4496,2592,688
62,B18,2024-07-15,182,4602,2557,673
63,B18,2024-07-16,189,4554,2649,764
64,B18,2024-07-17,194,4891,2954,961
65,B18,2024-07-18,222,4691,2792,905
66,B18,2024-07-19,149,4455,2463,577
67,B18,2024-07-20,154,4686,2599,597
68,B19,2024-07-11,73,1905,869,223
69,B19,2024-07-12,166,3615,2294,770
70,B19,2024-07-13,171,3798,2466,809
71,B19,2024-07-14,165,3777,2393,672
72,B19,2024-07-15,139,3984,2541,721
73,B19,2024-07-16,182,3839,2270,705
74,B19,2024-07-17,147,3638,2443,598
75,B19,2024-07-18,171,3680,2359,544
76,B19,2024-07-19,169,3500,2363,623
77,B19,2024-07-20,140,3564,2400,648
78,B2,2024-07-11,139,1971,981,413
79,B2,2024-07-12,213,4090,2132,745
80,B2,2024-07-13,206,4304,2314,817
81,B2,2024-07-14,234,4141,2173,857
82,B2,2024-07-15,187,4374,2313,872
83,B2,2024-07-16,212,4509,2452,861
84,B2,2024-07-17,212,4475,2374,871
85,B2,2024-07-18,225,4129,2068,832
86,B2,2024-07-19,202,4522,2429,839
87,B2,2024-07-20,180,4565,2478,944
88,B20,2024-07-11,72,1832,1203,405
89,B20,2024-07-12,162,3519,2355,754
90,B20,2024-07-13,171,3807,2488,962
91,B20,2024-07-14,177,3836,2486,957
92,B20,2024-07-15,307,3942,2403,959
93,B20,2024-07-16,224,3914,2475,878
94,B20,2024-07-17,180,3963,2494,1007
95,B20,2024-07-18,297,3687,2284,849
96,B20,2024-07-19,139,3390,2236,702
97,B20,2024-07-20,155,3640,2450,767
98,B21,2024-07-11,222,5763,3409,1032
99,B21,2024-07-12,345,10165,5825,1806
100,B21,2024-07-13,427,10958,5895,2153
101,B21,2024-07-14,449,10850,5628,2196
102,B21,2024-07-15,424,10790,5936,2314
103,B21,2024-07-16,538,11106,6857,2631
104,B21,2024-07-17,565,11973,7495,2695
105,B21,2024-07-18,546,11081,7011,2227
106,B21,2024-07-19,427,10565,6493,2041
107,B21,2024-07-20,514,11401,6451,2355
108,B22,2024-07-11,21,185,88,42
109,B22,2024-07-12,47,448,231,85
110,B22,2024-07-13,30,483,255,84
111,B22,2024-07-14,45,497,258,88
112,B22,2024-07-15,52,540,244,111
113,B22,2024-07-16,51,513,237,87
114,B22,2024-07-17,29,289,151,46
115,B22,2024-07-18,11,109,52,25
116,B22,2024-07-19,25,276,136,52
117,B22,2024-07-20,34,361,174,60
118,B23,2024-07-11,128,2141,1276,308
119,B23,2024-07-12,195,3560,2013,542
120,B23,2024-07-13,239,3875,2254,666
121,B23,2024-07-14,195,3627,2080,645
122,B23,2024-07-15,258,3821,2160,654
123,B23,2024-07-16,178,3643,2044,571
124,B23,2024-07-17,248,3654,2053,612
125,B23,2024-07-18,232,3511,1943,675
126,B23,2024-07-19,191,3575,1964,514
127,B23,2024-07-20,221,3984,2185,653
128,B24,2024-07-11,75,1858,1099,313
129,B24,2024-07-12,112,2918,1688,489
130,B24,2024-07-13,134,3217,1879,653
131,B24,2024-07-14,200,3083,1726,609
132,B24,2024-07-15,158,3082,1778,598
133,B24,2024-07-16,137,2877,1633,543
134,B24,2024-07-17,135,3007,1807,536
135,B24,2024-07-18,212,2890,1752,611
136,B24,2024-07-19,138,2987,1711,485
137,B24,2024-07-20,203,3362,1926,688
138,B25,2024-07-11,2,50,27,2
139,B25,2024-07-12,148,2789,2107,418
140,B25,2024-07-13,163,3082,2340,490
141,B25,2024-07-14,155,2680,1998,391
142,B25,2024-07-15,163,2592,1893,369
143,B25,2024-07-16,120,2059,1453,366
144,B25,2024-07-17,89,1472,1061,282
145,B25,2024-07-18,82,1285,835,298
146,B25,2024-07-19,133,2777,2051,430
147,B25,2024-07-20,204,3116,2249,587
148,B26,2024-07-11,84,789,451,172
149,B26,2024-07-12,106,1825,780,308
150,B26,2024-07-13,132,1915,761,345
151,B26,2024-07-14,119,1807,793,316
152,B26,2024-07-15,125,1927,783,310
153,B26,2024-07-16,122,1765,779,308
154,B26,2024-07-17,92,1459,659,229
155,B26,2024-07-18,112,1715,794,320
156,B26,2024-07-19,117,1838,744,301
157,B26,2024-07-20,96,1791,745,245
158,B27,2024-07-11,2,25,15,10
159,B27,2024-07-12,143,1988,1147,410
160,B27,2024-07-13,130,2125,1162,424
161,B27,2024-07-14,114,1896,1033,326
162,B27,2024-07-15,131,1873,1007,377
163,B27,2024-07-16,82,1412,768,264
164,B27,2024-07-17,74,1060,608,201
165,B27,2024-07-18,75,842,538,177
166,B27,2024-07-19,116,2179,1138,349
167,B27,2024-07-20,147,2243,1208,365
168,B3,2024-07-11,116,1717,1086,307
169,B3,2024-07-12,242,3800,2013,635
170,B3,2024-07-13,227,3307,1720,622
171,B3,2024-07-14,245,3406,1843,705
172,B3,2024-07-15,225,4018,2256,640
173,B3,2024-07-16,256,4928,2764,751
174,B3,2024-07-17,267,4794,2878,763
175,B3,2024-07-18,200,4552,2849,695
176,B3,2024-07-19,200,5898,2941,542
177,B3,2024-07-20,209,5050,2638,637
178,B34,2024-07-11,80,874,423,185
179,B34,2024-07-12,117,1560,797,305
180,B34,2024-07-13,140,1742,875,350
181,B34,2024-07-14,113,1530,737,318
182,B34,2024-07-15,125,1598,774,309
183,B34,2024-07-16,100,1538,740,292
184,B34,2024-07-17,127,1522,683,289
185,B34,2024-07-18,117,1386,714,277
186,B34,2024-07-19,102,1595,824,265
187,B34,2024-07-20,115,1583,754,314
188,B35,2024-07-11,7,248,170,66
189,B35,2024-07-12,58,1279,947,305
190,B35,2024-07-13,59,1490,1103,343
191,B35,2024-07-14,68,1460,1078,340
192,B35,2024-07-15,68,1510,1122,345
193,B35,2024-07-16,53,1422,1040,286
194,B35,2024-07-17,39,1259,909,296
195,B35,2024-07-18,57,1282,928,265
196,B35,2024-07-19,61,1348,959,282
197,B35,2024-07-20,51,1295,956,270
198,B4,2024-07-11,135,2486,1337,501
199,B4,2024-07-12,234,4031,2108,808
200,B4,2024-07-13,280,4338,2337,949
201,B4,2024-07-14,246,3960,2057,908
202,B4,2024-07-15,277,4203,2145,899
203,B4,2024-07-16,222,4281,2236,853
204,B4,2024-07-17,249,4494,2306,868
205,B4,2024-07-18,225,4240,2115,805
206,B4,2024-07-19,169,4269,2133,697
207,B4,2024-07-20,260,4587,2386,934
208,B42,2024-07-11,18,985,690,237
209,B42,2024-07-12,64,2075,1375,612
210,B42,2024-07-13,70,2447,1603,701
211,B42,2024-07-14,66,2284,1455,621
212,B42,2024-07-15,71,2661,1678,668
213,B42,2024-07-16,53,2350,1557,587
214,B42,2024-07-17,54,1668,1120,451
215,B42,2024-07-18,56,2264,1508,632
216,B42,2024-07-19,72,2412,1576,676
217,B42,2024-07-20,72,2547,1611,680
218,B43,2024-07-11,25,607,434,147
219,B43,2024-07-12,61,1534,1092,400
220,B43,2024-07-13,63,1750,1274,415
221,B43,2024-07-14,49,1613,1135,392
222,B43,2024-07-15,67,1803,1269,425
223,B43,2024-07-16,74,1654,1190,388
224,B43,2024-07-17,52,1128,803,293
225,B43,2024-07-18,72,1595,1127,420
226,B43,2024-07-19,76,1774,1224,476
227,B43,2024-07-20,67,1796,1222,469
228,B44,2024-07-11,55,1500,1109,233
229,B44,2024-07-12,191,2913,1780,845
230,B44,2024-07-13,212,3298,2001,892
231,B44,2024-07-14,186,3139,1847,882
232,B44,2024-07-15,170,3528,2089,834
233,B44,2024-07-16,145,3279,1964,758
234,B44,2024-07-17,112,2322,1478,556
235,B44,2024-07-18,147,3218,2217,631
236,B44,2024-07-19,165,3160,1849,862
237,B44,2024-07-20,188,3385,1967,902
238,B45,2024-07-11,76,1325,951,314
239,B45,2024-07-12,130,3047,2040,847
240,B45,2024-07-13,142,3354,2247,929
241,B45,2024-07-14,121,3149,2219,756
242,B45,2024-07-15,114,3323,2329,817
243,B45,2024-07-16,112,3139,2173,810
244,B45,2024-07-17,99,2347,1681,571
245,B45,2024-07-18,155,3060,2093,829
246,B45,2024-07-19,161,3220,2182,880
247,B45,2024-07-20,141,3363,2278,932
248,B46,2024-07-11,8,436,306,113
249,B46,2024-07-12,28,935,656,254
250,B46,2024-07-13,32,1085,761,302
251,B46,2024-07-14,31,977,687,261
252,B46,2024-07-15,28,1052,740,286
253,B46,2024-07-16,17,978,694,249
254,B46,2024-07-17,27,720,495,211
255,B46,2024-07-18,23,954,701,243
256,B46,2024-07-19,34,1135,787,316
257,B46,2024-07-20,36,1157,805,319
258,B47,2024-07-11,29,1517,1259,175
259,B47,2024-07-12,67,2719,2040,636
260,B47,2024-07-13,62,3074,2318,716
261,B47,2024-07-14,66,3045,2260,709
262,B47,2024-07-15,113,3271,2049,1103
263,B47,2024-07-16,82,3051,2103,890
264,B47,2024-07-17,79,2518,1906,531
265,B47,2024-07-18,71,3066,2416,554
266,B47,2024-07-19,71,2968,2042,903
267,B47,2024-07-20,95,3207,2132,1034
268,B5,2024-07-11,171,5524,3515,763
269,B5,2024-07-12,348,10212,6601,1643
270,B5,2024-07-13,469,11064,7035,1964
271,B5,2024-07-14,488,10779,6833,2050
272,B5,2024-07-15,504,10933,7144,2115
273,B5,2024-07-16,475,11348,7790,2206
274,B5,2024-07-17,609,11806,8288,2527
275,B5,2024-07-18,520,10863,7521,2120
276,B5,2024-07-19,386,10605,7274,1625
277,B5,2024-07-20,498,11226,7198,2100
278,B51,2024-07-11,2,42,24,8
279,B51,2024-07-12,4,107,59,10
280,B51,2024-07-13,6,85,41,6
281,B51,2024-07-14,1,101,45,10
282,B51,2024-07-15,18,167,87,23
283,B51,2024-07-16,25,326,183,32
284,B51,2024-07-17,26,349,210,50
285,B51,2024-07-18,30,363,183,45
286,B51,2024-07-19,31,459,252,42
287,B51,2024-07-20,28,372,205,41
288,B52,2024-07-11,47,750,530,194
289,B52,2024-07-12,70,2073,1458,530
290,B52,2024-07-13,49,2304,1695,536
291,B52,2024-07-14,55,2228,1587,558
292,B52,2024-07-15,59,2405,1676,635
293,B52,2024-07-16,79,2281,1625,561
294,B52,2024-07-17,55,1849,1331,435
295,B52,2024-07-18,89,2409,1643,663
296,B52,2024-07-19,72,2375,1689,602
297,B52,2024-07-20,66,2469,1706,693
298,B53,2024-07-11,13,172,110,35
299,B53,2024-07-12,12,399,269,96
300,B53,2024-07-13,33,419,277,107
301,B53,2024-07-14,50,411,256,94
302,B53,2024-07-15,30,426,259,127
303,B53,2024-07-16,36,450,278,123
304,B53,2024-07-17,35,362,215,103
305,B53,2024-07-18,38,436,257,126
306,B53,2024-07-19,34,413,259,95
307,B53,2024-07-20,36,443,282,120
308,B59,2024-07-11,97,1533,933,515
309,B59,2024-07-12,87,3482,2376,992
310,B59,2024-07-13,98,3944,2599,1219
311,B59,2024-07-14,108,3707,2499,1088
312,B59,2024-07-15,104,4072,2960,988
313,B59,2024-07-16,145,3839,2809,863
314,B59,2024-07-17,90,2653,1966,559
315,B59,2024-07-18,189,3535,2472,940
316,B59,2024-07-19,72,3699,2888,738
317,B59,2024-07-20,91,4034,3022,936
318,B6,2024-07-11,3,30,12,5
319,B6,2024-07-12,145,2318,1282,376
320,B6,2024-07-13,161,2602,1414,400
321,B6,2024-07-14,137,2258,1245,355
322,B6,2024-07-15,137,2407,1313,353
323,B6,2024-07-16,109,1843,926,236
324,B6,2024-07-17,74,1347,723,213
325,B6,2024-07-18,52,924,497,157
326,B6,2024-07-19,164,2723,1293,368
327,B6,2024-07-20,146,2623,1266,368
328,B60,2024-07-11,96,2317,842,481
329,B60,2024-07-12,175,4260,1803,1025
330,B60,2024-07-13,193,3683,1699,825
331,B60,2024-07-14,229,4103,1808,1023
332,B60,2024-07-15,214,4459,1643,1063
333,B60,2024-07-16,316,6438,2338,1487
334,B60,2024-07-17,426,8562,3236,2151
335,B60,2024-07-18,379,7821,2886,1898
336,B60,2024-07-19,348,7552,2774,1961
337,B60,2024-07-20,420,7443,2997,1989
338,B63,2024-07-11,12,165,104,46
339,B63,2024-07-12,38,695,450,205
340,B63,2024-07-13,54,696,484,151
341,B63,2024-07-14,53,694,491,164
342,B63,2024-07-15,53,697,458,191
343,B63,2024-07-16,32,623,431,173
344,B63,2024-07-17,45,661,431,190
345,B63,2024-07-18,44,676,456,205
346,B63,2024-07-19,42,720,492,187
347,B63,2024-07-20,60,723,459,218
348,B68,2024-07-11,50,957,319,159
349,B68,2024-07-12,70,1382,402,200
350,B68,2024-07-13,74,1250,386,197
351,B68,2024-07-14,21,140,83,46
352,B68,2024-07-15,74,578,307,212
353,B68,2024-07-16,65,555,308,192
354,B68,2024-07-17,77,525,286,190
355,B68,2024-07-18,72,508,280,184
356,B68,2024-07-19,64,486,257,181
357,B68,2024-07-20,67,520,277,207
358,B7,2024-07-11,127,1895,1183,406
359,B7,2024-07-12,205,3993,2415,719
360,B7,2024-07-13,228,4187,2496,806
361,B7,2024-07-14,216,4062,2355,808
362,B7,2024-07-15,227,4153,2402,792
363,B7,2024-07-16,222,4024,2376,754
364,B7,2024-07-17,251,4090,2485,809
365,B7,2024-07-18,305,4028,2400,818
366,B7,2024-07-19,214,4520,2754,649
367,B7,2024-07-20,223,4531,2710,786
368,B71,2024-07-11,4,29,20,4
369,B71,2024-07-12,8,43,25,9
370,B71,2024-07-13,6,61,35,18
371,B71,2024-07-14,4,46,33,11
372,B71,2024-07-15,7,53,32,13
373,B71,2024-07-16,10,60,34,12
374,B71,2024-07-17,8,60,40,15
375,B71,2024-07-18,6,60,39,12
376,B71,2024-07-19,10,59,28,17
377,B71,2024-07-20,6,62,49,12
378,B72,2024-07-11,98,1629,807,254
379,B72,2024-07-12,163,2745,1333,348
380,B72,2024-07-13,186,2965,1445,446
381,B72,2024-07-14,170,2979,1451,417
382,B72,2024-07-15,163,2574,1248,420
383,B72,2024-07-16,151,2570,1258,371
384,B72,2024-07-17,160,2131,1019,326
385,B72,2024-07-18,176,2552,1269,438
386,B72,2024-07-19,159,2737,1334,343
387,B72,2024-07-20,149,2335,1095,381
388,B76,2024-07-11,101,1464,794,227
389,B76,2024-07-12,161,2320,1260,380
390,B76,2024-07-13,166,2454,1450,368
391,B76,2024-07-14,168,2325,1307,374
392,B76,2024-07-15,147,2367,1335,353
393,B76,2024-07-16,132,2436,1421,319
394,B76,2024-07-17,154,2746,1639,399
395,B76,2024-07-18,161,2588,1486,356
396,B76,2024-07-19,134,2375,1291,347
397,B76,2024-07-20,141,2554,1425,385
398,B8,2024-07-11,68,1036,729,171
399,B8,2024-07-12,121,1752,1194,276
400,B8,2024-07-13,125,1784,1245,303
401,B8,2024-07-14,102,1764,1200,302
402,B8,2024-07-15,90,1695,1189,279
403,B8,2024-07-16,117,2062,1441,379
404,B8,2024-07-17,128,1981,1349,353
405,B8,2024-07-18,108,2046,1383,347
406,B8,2024-07-19,129,2100,1388,287
407,B8,2024-07-20,121,2150,1486,350
408,B9,2024-07-11,4,31,9,12
409,B9,2024-07-12,7,80,38,27
410,B9,2024-07-13,6,70,34,29
411,B9,2024-07-14,9,71,36,20
412,B9,2024-07-15,2,67,34,27
413,B9,2024-07-16,4,79,34,29
414,B9,2024-07-17,5,46,17,16
415,B9,2024-07-18,7,60,20,26
416,B9,2024-07-19,5,63,32,19
417,B9,2024-07-20,6,78,33,25
