Blogger ID,Date,关注,浏览,点赞,评论
B10,2024-07-21,36,527,770,146
B12,2024-07-21,222,3940,1968,702
B13,2024-07-21,286,4989,2814,843
B15,2024-07-21,387,8224,3919,2002
B16,2024-07-21,100,1677,1070,278
B17,2024-07-21,76,2109,1555,454
B18,2024-07-21,187,4600,2731,820
B19,2024-07-21,188,3542,2335,624
B2,2024-07-21,206,4708,2531,998
B20,2024-07-21,217,3797,2304,832
B21,2024-07-21,503,11452,5951,2289
B22,2024-07-21,25,327,183,65
B23,2024-07-21,237,3947,2151,667
B24,2024-07-21,194,3328,1907,664
B25,2024-07-21,123,2516,1726,425
B26,2024-07-21,116,1727,861,306
B27,2024-07-21,124,1844,1050,329
B3,2024-07-21,158,4613,2830,597
B34,2024-07-21,114,1561,851,299
B35,2024-07-21,45,1180,895,271
B4,2024-07-21,223,4628,2430,927
B42,2024-07-21,68,2376,1578,649
B43,2024-07-21,78,1642,1150,414
B44,2024-07-21,155,3397,2040,799
B45,2024-07-21,160,3359,2192,858
B46,2024-07-21,45,1016,731,293
B47,2024-07-21,140,3165,2189,853
B5,2024-07-21,496,11095,7448,2204
B51,2024-07-21,27,312,211,55
B52,2024-07-21,73,2351,1640,619
B53,2024-07-21,36,442,295,118
B59,2024-07-21,163,3669,2686,818
B6,2024-07-21,146,2198,1155,357
B60,2024-07-21,344,7703,2846,1921
B63,2024-07-21,47,690,491,193
B68,2024-07-21,55,635,376,178
B7,2024-07-21,176,4393,2570,756
B71,2024-07-21,7,57,49,30
B72,2024-07-21,130,2301,1266,373
B76,2024-07-21,125,2520,1455,390
B8,2024-07-21,107,1988,1362,318
B9,2024-07-21,7,73,48,44
